rank,user,user_href,elo,gxe,rating
1,apricotpeach,/users/apricotpeach,1900,89.7%,1908 ± 38
2,Actuarily,/users/actuarily,1895,88.8%,1890 ± 30
3,eragon11145,/users/eragon11145,1879,89.3%,1900 ± 33
4,Chimatsu,/users/chimatsu,1876,92.8%,1987 ± 54
5,sunlight serenade,/users/sunlightserenade,1857,89.9%,1913 ± 32
6,MirzaMirza,/users/mirzamirza,1853,88.8%,1891 ± 38
7,Miirza,/users/miirza,1847,89.5%,1906 ± 45
8,dltmeninas,/users/dltmeninas,1844,93.5%,2010 ± 59
9,Mirrza,/users/mirrza,1841,89.2%,1898 ± 35
10,allmymmb3,/users/allmymmb3,1823,78.2%,1741 ± 26
11,Schister,/users/schister,1819,85.4%,1834 ± 39
12,testhuphat,/users/testhuphat,1813,78.6%,1745 ± 29
13,Girls See Ghosts,/users/girlsseeghosts,1808,82.5%,1793 ± 40
14,howfalcons,/users/howfalcons,1807,83.3%,1804 ± 37
15,Agme,/users/agme,1805,85.4%,1833 ± 27
16,Chris Numbers,/users/chrisnumbers,1803,86.5%,1850 ± 36
17,ratpacker,/users/ratpacker,1800,88.7%,1890 ± 39
18,WOOSHMANIA,/users/wooshmania,1798,81.2%,1776 ± 38
19,Sushi Bum,/users/sushibum,1794,76.0%,1717 ± 26
20,theyummybagel,/users/theyummybagel,1794,89.7%,1910 ± 41
21,DLTICTOC,/users/dltictoc,1791,89.4%,1904 ± 44
22,dubsdubsdubs,/users/dubsdubsdubs,1783,87.1%,1861 ± 36
23,Sunday-love-vgc,/users/sundaylovevgc,1778,85.9%,1842 ± 42
24,drebabyshape,/users/drebabyshape,1777,76.3%,1721 ± 31
25,demakker,/users/demakker,1775,81.3%,1779 ± 44
26,Suckylucky,/users/suckylucky,1771,80.0%,1761 ± 32
27,ionnss,/users/ionnss,1769,89.7%,1911 ± 48
28,Mitoma,/users/mitoma,1762,89.2%,1901 ± 48
29,wlsdx,/users/wlsdx,1760,78.1%,1741 ± 39
30,LaPollaQueTeApoya,/users/lapollaqueteapoya,1759,83.5%,1807 ± 45
31,sleepyXiphos,/users/sleepyxiphos,1759,80.7%,1771 ± 35
32,val16,/users/val16,1758,85.6%,1837 ± 39
33,ValiantValiant,/users/valiantvaliant,1758,89.3%,1903 ± 50
34,Veijgorpon,/users/veijgorpon,1756,87.4%,1868 ± 53
35,Smelling Sands,/users/smellingsands,1755,84.6%,1822 ± 40
36,Genesis77,/users/genesis77,1753,83.5%,1806 ± 32
37,To MOYNI,/users/tomoyni,1751,78.3%,1742 ± 27
38,luisin,/users/luisin,1750,84.8%,1824 ± 28
39,HTH The Chef,/users/hththechef,1748,85.0%,1827 ± 26
40,kennyomeg,/users/kennyomeg,1743,79.6%,1757 ± 30
41,tired oficinist,/users/tiredoficinist,1739,91.8%,1962 ± 65
42,Tenzai,/users/tenzai,1737,83.0%,1800 ± 35
43,HorribleNick,/users/horriblenick,1735,82.4%,1793 ± 45
44,jerket,/users/jerket,1735,81.2%,1777 ± 35
45,Qianqiuxue,/users/qianqiuxue,1734,85.7%,1839 ± 42
46,wthappened,/users/wthappened,1732,85.5%,1835 ± 37
47,asNsnK,/users/asnsnk,1729,85.6%,1839 ± 49
48,Zerotti,/users/zerotti,1728,83.3%,1805 ± 45
49,Alolan HTH,/users/alolanhth,1726,89.3%,1901 ± 41
50,Deepzekrom,/users/deepzekrom,1726,78.9%,1749 ± 31
51,OlPatchy2Eyes,/users/olpatchy2eyes,1725,74.4%,1701 ± 29
52,John1240,/users/john1240,1724,80.0%,1763 ± 40
53,Jenthai,/users/jenthai,1724,81.4%,1779 ± 41
54,yeohgi,/users/yeohgi,1724,72.6%,1684 ± 39
55,Der_mxi,/users/dermxi,1723,78.7%,1747 ± 41
56,GoatBear,/users/goatbear,1722,88.0%,1876 ± 40
57,falctest5,/users/falctest5,1722,81.6%,1783 ± 45
58,skydaxx_,/users/skydaxx,1719,77.3%,1731 ± 32
59,sleepyZarek,/users/sleepyzarek,1714,80.1%,1763 ± 36
60,John Cavalry,/users/johncavalry,1714,87.4%,1866 ± 30
61,Skordopoutsoglou,/users/skordopoutsoglou,1713,81.6%,1781 ± 40
62,andrewhamilton,/users/andrewhamilton,1709,75.4%,1711 ± 36
63,NegativeHolo,/users/negativeholo,1709,77.3%,1731 ± 26
64,Gvvfg,/users/gvvfg,1704,85.9%,1846 ± 67
65,bagel,/users/bagel,1702,82.0%,1787 ± 46
66,Daniarceus,/users/daniarceus,1701,82.0%,1786 ± 33
67,Quadmaster,/users/quadmaster,1700,80.7%,1769 ± 28
68,wehrmori,/users/wehrmori,1700,83.2%,1804 ± 45
69,Jaiper_Showdown,/users/jaipershowdown,1699,77.9%,1737 ± 26
70,patatin08,/users/patatin08,1698,67.9%,1641 ± 28
71,dontletmesleep,/users/dontletmesleep,1698,85.9%,1841 ± 33
72,GambitTR,/users/gambittr,1697,68.6%,1648 ± 36
73,waleedayy,/users/waleedayy,1697,74.5%,1702 ± 26
74,Murphy Lawden,/users/murphylawden,1695,85.7%,1840 ± 48
75,xr21,/users/xr21,1695,79.1%,1751 ± 29
76,TreyD,/users/treyd,1695,75.9%,1716 ± 27
77,NASA_1212,/users/nasa1212,1692,90.7%,1933 ± 54
78,Everett Ducklair,/users/everettducklair,1692,81.0%,1775 ± 41
79,Ater invictus,/users/aterinvictus,1691,76.0%,1717 ± 36
80,papa snoke,/users/papasnoke,1691,71.4%,1673 ± 38
81,zoe,/users/zoe,1690,80.2%,1766 ± 52
82,hecc776,/users/hecc776,1689,73.0%,1687 ± 31
83,Franz Ferdiswag,/users/franzferdiswag,1688,75.3%,1710 ± 26
84,Jim22,/users/jim22,1687,80.6%,1770 ± 36
85,abhaymanu97,/users/abhaymanu97,1686,71.9%,1677 ± 27
86,user27323,/users/user27323,1684,77.4%,1732 ± 26
87,Davy-james95,/users/davyjames95,1683,77.3%,1731 ± 26
88,summer ghosts,/users/summerghosts,1682,83.1%,1802 ± 52
89,Imperial Byz,/users/imperialbyz,1682,76.2%,1720 ± 33
90,Bishop-manogue,/users/bishopmanogue,1682,77.3%,1731 ± 26
91,IGottaPikaPee,/users/igottapikapee,1682,77.9%,1738 ± 30
92,patata1490,/users/patata1490,1681,86.7%,1855 ± 43
93,jzamudio,/users/jzamudio,1681,80.7%,1770 ± 31
94,GenOne,/users/genone,1681,81.6%,1782 ± 43
95,R8,/users/r8,1681,76.0%,1719 ± 43
96,sandyman776,/users/sandyman776,1680,74.3%,1701 ± 38
97,dusttrustblueberry,/users/dusttrustblueberry,1679,76.5%,1722 ± 29
98,HoyPorTMananaPorMi,/users/hoyportmananapormi,1679,81.0%,1774 ± 40
99,diniz41,/users/diniz41,1679,67.4%,1636 ± 26
100,cbender2121,/users/cbender2121,1678,77.7%,1736 ± 35
101,prajna888,/users/prajna888,1676,73.2%,1690 ± 40
102,SingleThunder,/users/singlethunder,1672,83.0%,1802 ± 58
103,Duskullclopsn0ir,/users/duskullclopsn0ir,1672,82.5%,1793 ± 39
104,Dave Tempest,/users/davetempest,1671,84.2%,1818 ± 54
105,garygrewal,/users/garygrewal,1670,69.1%,1653 ± 37
106,langlijian,/users/langlijian,1669,61.8%,1591 ± 28
107,LTG,/users/ltg,1669,79.0%,1753 ± 62
108,Marreant,/users/marreant,1668,69.6%,1656 ± 25
109,justfortrick,/users/justfortrick,1667,78.1%,1741 ± 43
110,Alison Dlaurentis,/users/alisondlaurentis,1667,90.3%,1926 ± 56
111,SteeloWTF,/users/steelowtf,1665,77.0%,1729 ± 47
112,SOL INVICTVS,/users/solinvictvs,1665,78.0%,1738 ± 31
113,Fc ❤,/users/fc,1665,82.5%,1795 ± 54
114,Eggsforbwekfast,/users/eggsforbwekfast,1665,74.1%,1699 ± 34
115,testhuphat3,/users/testhuphat3,1664,81.3%,1779 ± 49
116,Anna's songbird,/users/annassongbird,1663,87.6%,1876 ± 74
117,PakchoiBoy,/users/pakchoiboy,1661,84.4%,1821 ± 48
118,Testmynewteams,/users/testmynewteams,1661,78.2%,1742 ± 48
119,Tsimpouki,/users/tsimpouki,1661,81.3%,1778 ± 45
120,VaatiMan92,/users/vaatiman92,1661,73.8%,1695 ± 33
121,sleepy114514,/users/sleepy114514,1660,81.0%,1775 ± 46
122,Givrix,/users/givrix,1660,79.2%,1752 ± 36
123,Dltic elpape,/users/dlticelpape,1658,72.7%,1685 ± 26
124,Loopae,/users/loopae,1657,70.9%,1668 ± 26
125,Lolballs2,/users/lolballs2,1657,72.3%,1681 ± 36
126,pariston hiyl,/users/paristonhiyl,1657,79.2%,1754 ± 46
127,Lemurro,/users/lemurro,1657,79.8%,1760 ± 45
128,BurntSkywalker,/users/burntskywalker,1656,80.9%,1773 ± 40
129,ErnestHimingway,/users/ernesthimingway,1656,72.5%,1683 ± 43
130,perish next turn,/users/perishnextturn,1656,86.4%,1853 ± 63
131,Tyara,/users/tyara,1655,67.1%,1635 ± 34
132,Kestii,/users/kestii,1655,81.0%,1777 ± 58
133,tupper trainer,/users/tuppertrainer,1654,76.4%,1722 ± 26
134,Low Tier Goodra,/users/lowtiergoodra,1654,82.2%,1789 ± 37
135,Mimi Chen,/users/mimichen,1654,83.2%,1805 ± 56
136,CalebTheEngineer,/users/calebtheengineer,1653,73.2%,1689 ± 29
137,Attacktitan99,/users/attacktitan99,1653,70.6%,1665 ± 28
138,THJC,/users/thjc,1652,73.3%,1691 ± 26
139,dual lengs,/users/duallengs,1652,85.3%,1835 ± 56
140,Mmmirza,/users/mmmirza,1652,86.8%,1859 ± 59
141,summer sundays,/users/summersundays,1652,83.4%,1808 ± 60
142,HGPL fangame10,/users/hgplfangame10,1652,88.8%,1893 ± 53
143,sustrom,/users/sustrom,1650,56.7%,1551 ± 32
144,Mirrrza,/users/mirrrza,1650,89.9%,1918 ± 66
145,tupadre32,/users/tupadre32,1649,76.7%,1725 ± 31
146,Cactuscoolish,/users/cactuscoolish,1648,73.5%,1692 ± 26
147,Had a Dream,/users/hadadream,1648,86.6%,1856 ± 59
148,KennyJ,/users/kennyj,1647,86.2%,1852 ± 70
149,PascalBrutal,/users/pascalbrutal,1645,75.1%,1709 ± 41
150,TrashbutHuman,/users/trashbuthuman,1645,72.1%,1679 ± 27
151,SyntheticTwilight,/users/synthetictwilight,1643,71.1%,1670 ± 38
152,We up,/users/weup,1643,81.7%,1785 ± 55
153,Alexelcapo porros,/users/alexelcapoporros,1642,70.8%,1667 ± 36
154,MADARAAAA,/users/madaraaaa,1641,84.6%,1825 ± 58
155,croftervgc,/users/croftervgc,1641,90.6%,1934 ± 66
156,blfitcrofter,/users/blfitcrofter,1641,81.0%,1775 ± 48
157,Suverenna,/users/suverenna,1641,93.0%,2004 ± 90
158,FlashShadow04,/users/flashshadow04,1640,74.3%,1701 ± 41
159,stravench,/users/stravench,1638,75.6%,1714 ± 46
160,Iexisttosuffer,/users/iexisttosuffer,1638,69.0%,1652 ± 37
161,weng1109,/users/weng1109,1637,73.3%,1690 ± 27
162,gunover,/users/gunover,1636,67.6%,1639 ± 25
163,I see forks,/users/iseeforks,1636,85.0%,1830 ± 53
164,Astro Nation Shoe,/users/astronationshoe,1636,85.7%,1839 ± 36
165,Golshi,/users/golshi,1635,79.0%,1751 ± 44
166,Grandpas eatin,/users/grandpaseatin,1634,84.4%,1820 ± 48
167,Dr Ratios Chalk,/users/drratioschalk,1634,79.7%,1759 ± 41
168,be happy my dudes,/users/behappymydudes,1632,69.0%,1651 ± 28
169,worldleaf,/users/worldleaf,1632,87.8%,1877 ± 63
170,RNG Savage,/users/rngsavage,1632,72.6%,1685 ± 41
171,Cofano,/users/cofano,1632,83.3%,1804 ± 43
172,qsns,/users/qsns,1632,85.3%,1835 ± 53
173,darkbean55,/users/darkbean55,1631,71.2%,1671 ± 34
174,executioner's axe,/users/executionersaxe,1630,83.3%,1804 ± 42
175,zxcvbnm147,/users/zxcvbnm147,1630,78.8%,1749 ± 45
176,dnp111,/users/dnp111,1629,87.2%,1865 ± 55
177,alx_ark,/users/alxark,1629,76.8%,1728 ± 51
178,yankiken,/users/yankiken,1629,88.9%,1900 ± 71
179,stefankremer,/users/stefankremer,1628,73.6%,1694 ± 41
180,YapKing,/users/yapking,1628,74.3%,1700 ± 34
181,Paraplegic,/users/paraplegic,1628,79.1%,1752 ± 42
182,skino397,/users/skino397,1627,76.6%,1723 ± 28
183,Terekusai,/users/terekusai,1627,79.0%,1751 ± 50
184,tyo,/users/tyo,1626,87.9%,1877 ± 52
185,we up dos,/users/weupdos,1626,80.1%,1765 ± 53
186,Almost Trainer,/users/almosttrainer,1626,75.8%,1716 ± 47
187,mattmandaman,/users/mattmandaman,1625,84.3%,1818 ± 48
188,K hamza,/users/khamza,1624,76.0%,1717 ± 26
189,nblais,/users/nblais,1624,77.2%,1731 ± 48
190,Gelibolu,/users/gelibolu,1624,83.6%,1810 ± 48
191,Jinx04,/users/jinx04,1624,80.1%,1765 ± 50
192,Gabriel_Karp,/users/gabrielkarp,1624,69.5%,1655 ± 34
193,GummyMonOwO,/users/gummymonowo,1623,81.9%,1788 ± 60
194,DancinDragons,/users/dancindragons,1623,77.1%,1729 ± 26
195,Mait27,/users/mait27,1622,71.5%,1674 ± 35
196,Shiritu,/users/shiritu,1621,87.0%,1862 ± 53
197,PandaOpticon,/users/pandaopticon,1621,82.6%,1796 ± 50
198,Dendendelen,/users/dendendelen,1621,65.2%,1619 ± 29
199,Andrew$1000000$,/users/andrew1000000,1620,72.2%,1681 ± 39
200,yourmum69430,/users/yourmum69430,1620,78.4%,1744 ± 47
201,klefkifan123,/users/klefkifan123,1620,81.7%,1784 ± 53
202,Neblina,/users/neblina,1619,83.5%,1809 ± 56
203,fangame10,/users/fangame10,1619,87.7%,1873 ± 52
204,yazidan,/users/yazidan,1618,72.3%,1681 ± 27
205,sleepyHiphos,/users/sleepyhiphos,1618,73.0%,1688 ± 41
206,Guy in Red,/users/guyinred,1618,69.4%,1655 ± 38
207,charmdi,/users/charmdi,1617,86.5%,1854 ± 58
208,Save Face As,/users/savefaceas,1617,81.6%,1783 ± 44
209,CarnifexCoronatum,/users/carnifexcoronatum,1617,67.4%,1637 ± 27
210,lvBreakfast,/users/lvbreakfast,1617,79.8%,1758 ± 27
211,FieryPanda69,/users/fierypanda69,1617,71.0%,1669 ± 37
212,yeohgialt,/users/yeohgialt,1616,72.3%,1682 ± 39
213,denisnikitenko,/users/denisnikitenko,1616,71.3%,1673 ± 45
214,RedNxyz,/users/rednxyz,1616,68.5%,1647 ± 26
215,Qqaaww,/users/qqaaww,1616,66.6%,1630 ± 25
216,j0hn3y_boy,/users/j0hn3yboy,1614,83.1%,1803 ± 60
217,htty_ps,/users/httyps,1614,77.2%,1732 ± 51
218,Catalyst05,/users/catalyst05,1613,70.4%,1664 ± 43
219,Meowscarada 34,/users/meowscarada34,1613,81.0%,1777 ± 58
220,alcachofa1490,/users/alcachofa1490,1613,76.7%,1725 ± 39
221,KayaTy,/users/kayaty,1612,73.4%,1693 ± 47
222,megagiga,/users/megagiga,1612,82.2%,1790 ± 48
223,Mirzza,/users/mirzza,1612,87.1%,1865 ± 66
224,Jace_Wins,/users/jacewins,1612,67.3%,1636 ± 26
225,Belowaverageluck,/users/belowaverageluck,1611,84.5%,1821 ± 42
226,PSNOfficial,/users/psnofficial,1611,75.1%,1710 ± 53
227,MmiirrzzaA,/users/mmiirrzzaa,1611,87.4%,1871 ± 62
228,Fighter irl,/users/fighterirl,1610,78.7%,1747 ± 40
229,WHOOOOOOOOOOOOOOO,/users/whooooooooooooooo,1610,72.1%,1679 ± 33
230,weaktweak,/users/weaktweak,1610,77.8%,1737 ± 39
231,Nanandes,/users/nanandes,1609,82.4%,1795 ± 64
232,MirzaMirzaMirza,/users/mirzamirzamirza,1608,87.9%,1878 ± 61
233,Mirzaa,/users/mirzaa,1607,87.0%,1862 ± 54
234,Childgrinder,/users/childgrinder,1606,74.3%,1701 ± 42
235,WHKW10086,/users/whkw10086,1606,75.4%,1712 ± 40
236,testteamxd19435,/users/testteamxd19435,1606,75.3%,1711 ± 42
237,douad truce,/users/douadtruce,1606,84.1%,1818 ± 62
238,SHLOKs,/users/shloks,1606,75.9%,1716 ± 28
239,vgcplayertriesdou,/users/vgcplayertriesdou,1605,81.1%,1777 ± 52
240,AlouetteEnna,/users/alouetteenna,1605,90.2%,1926 ± 66
241,elfirestuffy,/users/elfirestuffy,1605,79.5%,1758 ± 51
242,Subpar Dynamite,/users/subpardynamite,1605,76.2%,1720 ± 36
243,EGAWalreins,/users/egawalreins,1605,86.4%,1851 ± 53
244,dudududu2034r2,/users/dudududu2034r2,1605,78.6%,1747 ± 52
245,svago,/users/svago,1604,77.4%,1733 ± 47
246,2IQ gaming,/users/2iqgaming,1604,82.6%,1796 ± 48
247,wig wug,/users/wigwug,1604,90.5%,1932 ± 73
248,Lailu,/users/lailu,1603,75.2%,1711 ± 47
249,Jimijmjim,/users/jimijmjim,1603,79.5%,1758 ± 50
250,VGC Genesis,/users/vgcgenesis,1603,79.6%,1759 ± 53
251,spcplayzz,/users/spcplayzz,1603,77.0%,1729 ± 49
252,hjhgfddddd,/users/hjhgfddddd,1602,81.9%,1788 ± 59
253,ljuswannaplay,/users/ljuswannaplay,1602,69.5%,1656 ± 40
254,Arcticblast,/users/arcticblast,1602,84.3%,1822 ± 63
255,the JRL,/users/thejrl,1601,76.3%,1722 ± 48
256,sleepyAtreyos,/users/sleepyatreyos,1601,77.4%,1733 ± 47
257,Milklv,/users/milklv,1601,74.9%,1708 ± 53
258,DOUAD DM,/users/douaddm,1601,80.9%,1775 ± 57
259,Troutinspace,/users/troutinspace,1601,75.5%,1713 ± 43
260,L1feisnotmoomoo,/users/l1feisnotmoomoo,1600,75.2%,1711 ± 44
261,Mango Passion,/users/mangopassion,1600,72.2%,1681 ± 33
262,utility_giraffe,/users/utilitygiraffe,1599,69.8%,1658 ± 33
263,Test Bots,/users/testbots,1599,75.7%,1715 ± 43
264,nightlanddddd,/users/nightlanddddd,1599,67.1%,1634 ± 33
265,Randomdou,/users/randomdou,1599,72.2%,1681 ± 48
266,n bjb,/users/nbjb,1598,67.3%,1637 ± 48
267,Hrishioo7,/users/hrishioo7,1598,78.0%,1739 ± 33
268,Lightx4,/users/lightx4,1598,71.7%,1677 ± 47
269,cosi94,/users/cosi94,1598,80.7%,1773 ± 66
270,lucaluna,/users/lucaluna,1598,85.6%,1842 ± 66
271,thegreattheropon,/users/thegreattheropon,1598,74.7%,1706 ± 52
272,harcanino,/users/harcanino,1598,81.6%,1784 ± 59
273,Cxmbi,/users/cxmbi,1598,72.8%,1686 ± 34
274,Despacito87,/users/despacito87,1598,76.2%,1721 ± 56
275,inlecturern,/users/inlecturern,1597,69.8%,1658 ± 33
276,i am Trapinch,/users/iamtrapinch,1597,76.4%,1722 ± 28
277,keepingitreel,/users/keepingitreel,1597,69.6%,1656 ± 25
278,magicbro1,/users/magicbro1,1597,74.5%,1703 ± 41
279,Fgdfgfthgr,/users/fgdfgfthgr,1597,74.6%,1703 ± 26
280,Bitter Rival,/users/bitterrival,1597,86.2%,1851 ± 68
281,pokemonamiright,/users/pokemonamiright,1597,70.8%,1668 ± 48
282,tqtwterpy,/users/tqtwterpy,1597,86.0%,1848 ± 72
283,DOUAD howfalcons,/users/douadhowfalcons,1596,83.5%,1810 ± 65
284,Nsnsjdjdbdb,/users/nsnsjdjdbdb,1596,79.7%,1760 ± 45
285,douad timelines,/users/douadtimelines,1596,80.7%,1773 ± 60
286,Sorenklarq,/users/sorenklarq,1596,77.6%,1736 ± 51
287,projo2005,/users/projo2005,1596,62.5%,1596 ± 34
288,DOUFLu,/users/douflu,1596,86.7%,1861 ± 73
289,Yu-Pao-Lu- Chein,/users/yupaoluchein,1595,75.9%,1719 ± 57
290,67redsox,/users/67redsox,1595,83.9%,1814 ± 56
291,satouxi,/users/satouxi,1595,80.4%,1769 ± 56
292,Jgwhodat,/users/jgwhodat,1595,66.0%,1625 ± 26
293,Grass snake,/users/grasssnake,1595,71.4%,1674 ± 40
294,1O48576,/users/1o48576,1595,75.6%,1714 ± 41
295,Pie Smells Good,/users/piesmellsgood,1595,66.5%,1630 ± 40
296,DLTIC Jello,/users/dlticjello,1595,82.3%,1793 ± 59
297,DOUAD Slakoth,/users/douadslakoth,1594,83.1%,1803 ± 58
298,BenBenzZX,/users/benbenzzx,1594,69.6%,1657 ± 44
299,DLTIC JRL,/users/dlticjrl,1594,87.6%,1873 ± 60
300,DLTIC fangame10,/users/dlticfangame10,1594,88.6%,1892 ± 65
301,danielck,/users/danielck,1594,78.7%,1751 ± 72
302,ardansucksasss,/users/ardansucksasss,1594,76.2%,1721 ± 49
303,tusssk,/users/tusssk,1594,68.9%,1651 ± 37
304,LaloKhan²❤,/users/lalokhan,1593,80.2%,1766 ± 47
305,CoreyJJ,/users/coreyjj,1593,67.5%,1638 ± 36
306,NecasInTrouble,/users/necasintrouble,1593,81.6%,1785 ± 66
307,dior sv,/users/diorsv,1593,84.7%,1826 ± 59
308,RNG Mad,/users/rngmad,1592,74.6%,1705 ± 56
309,Tearlaments Merrli,/users/tearlamentsmerrli,1592,85.2%,1837 ± 77
310,ft4gt,/users/ft4gt,1592,69.0%,1651 ± 43
311,ty2k.mp3,/users/ty2kmp3,1591,67.3%,1636 ± 34
312,andrecc92,/users/andrecc92,1591,63.7%,1606 ± 34
313,Asdfk1066,/users/asdfk1066,1591,70.4%,1664 ± 39
314,Tiki3,/users/tiki3,1591,80.2%,1767 ± 55
315,DOULA fangame10,/users/doulafangame10,1591,88.8%,1895 ± 62
316,satouxi2,/users/satouxi2,1591,79.8%,1762 ± 58
317,Nerd159,/users/nerd159,1590,79.6%,1759 ± 56
318,DOU flat tax,/users/douflattax,1590,80.1%,1764 ± 50
319,Loudwinner,/users/loudwinner,1590,85.5%,1840 ± 71
320,PhoenixHawk0,/users/phoenixhawk0,1589,76.9%,1729 ± 50
321,djxchicago,/users/djxchicago,1589,80.8%,1773 ± 52
322,LoSconosciuto,/users/losconosciuto,1589,86.5%,1856 ± 67
323,Jrmoore896,/users/jrmoore896,1589,71.3%,1674 ± 58
324,benjivalentine,/users/benjivalentine,1589,69.9%,1659 ± 25
325,raulmario2004,/users/raulmario2004,1588,72.2%,1682 ± 55
326,douadvent,/users/douadvent,1588,82.1%,1791 ± 63
327,cigarrito,/users/cigarrito,1588,74.7%,1704 ± 32
328,DOUAD Actuarily,/users/douadactuarily,1588,83.5%,1811 ± 65
329,DOU Admonishment,/users/douadmonishment,1588,80.9%,1776 ± 59
330,DOUAD reffari,/users/douadreffari,1587,82.5%,1796 ± 64
331,DLTIC Lem,/users/dlticlem,1587,84.4%,1823 ± 59
332,dlticu,/users/dlticu,1587,86.9%,1860 ± 60
333,Jello1231,/users/jello1231,1587,84.2%,1819 ± 61
334,Kinak,/users/kinak,1587,71.6%,1675 ± 35
335,jasperSDx,/users/jaspersdx,1587,73.7%,1696 ± 48
336,chillburgernation,/users/chillburgernation,1587,83.7%,1812 ± 55
337,TPNVGC,/users/tpnvgc,1586,80.4%,1769 ± 61
338,raygonza,/users/raygonza,1586,73.5%,1693 ± 41
339,Team515,/users/team515,1586,73.2%,1691 ± 44
340,ChaoticHarmonica,/users/chaoticharmonica,1586,69.8%,1658 ± 28
341,Mountfelt,/users/mountfelt,1586,79.1%,1753 ± 49
342,Goldfish375,/users/goldfish375,1585,74.5%,1703 ± 41
343,ShellBreakers,/users/shellbreakers,1585,70.1%,1661 ± 42
344,AceInfinity,/users/aceinfinity,1585,77.6%,1736 ± 49
345,CMHERSOM,/users/cmhersom,1585,73.3%,1692 ± 53
346,TheNewMeliolizard,/users/thenewmeliolizard,1585,75.2%,1712 ± 65
347,ScorpionVenom00,/users/scorpionvenom00,1584,67.0%,1634 ± 42
348,walking moonlight,/users/walkingmoonlight,1584,83.3%,1808 ± 65
349,fangame10 stall,/users/fangame10stall,1583,76.4%,1723 ± 49
350,DOUAD Fey,/users/douadfey,1583,81.3%,1781 ± 63
351,DonulTrum,/users/donultrum,1583,71.4%,1672 ± 28
352,tkhanh,/users/tkhanh,1583,80.9%,1775 ± 60
353,grassphixia,/users/grassphixia,1583,81.8%,1788 ± 70
354,Kotori Sakura,/users/kotorisakura,1583,87.2%,1868 ± 70
355,CCQB,/users/ccqb,1582,70.2%,1662 ± 39
356,iseral,/users/iseral,1582,73.9%,1699 ± 66
357,Mr-Mongol,/users/mrmongol,1582,74.6%,1704 ± 49
358,DisasterBruhMoment,/users/disasterbruhmoment,1582,81.2%,1781 ± 74
359,Nerdgamer4,/users/nerdgamer4,1582,70.3%,1663 ± 35
360,penguini7,/users/penguini7,1582,79.6%,1760 ± 60
361,Tigertom91,/users/tigertom91,1582,70.6%,1666 ± 35
362,cheelu,/users/cheelu,1581,69.7%,1657 ± 37
363,hollylands,/users/hollylands,1581,68.8%,1651 ± 57
364,Jubilyf City,/users/jubilyfcity,1581,80.8%,1774 ± 57
365,Idkmamidk,/users/idkmamidk,1581,78.2%,1743 ± 50
366,hoZerChan,/users/hozerchan,1581,77.7%,1737 ± 56
367,Tessera,/users/tessera,1580,78.5%,1745 ± 43
368,zerodragon123,/users/zerodragon123,1580,85.6%,1844 ± 74
369,Penter,/users/penter,1580,80.5%,1767 ± 25
370,dou adlib,/users/douadlib,1580,82.7%,1800 ± 63
371,analysis_boi,/users/analysisboi,1580,71.7%,1675 ± 33
372,Agesanamon,/users/agesanamon,1580,68.0%,1642 ± 38
373,allmightyalt,/users/allmightyalt,1580,67.3%,1637 ± 40
374,do u add nicknames,/users/douaddnicknames,1580,83.1%,1804 ± 64
375,ILOVEPECHARUNTRAH,/users/ilovepecharuntrah,1580,74.5%,1704 ± 55
376,arapiroca,/users/arapiroca,1580,71.1%,1671 ± 51
377,DLTIC Pablo,/users/dlticpablo,1579,87.1%,1865 ± 62
378,DOUFLManeSupporter,/users/douflmanesupporter,1579,85.9%,1847 ± 71
379,tianlengmeihou,/users/tianlengmeihou,1579,79.8%,1762 ± 61
380,Dominator296,/users/dominator296,1579,69.3%,1653 ± 29
381,Celedric,/users/celedric,1579,69.3%,1654 ± 41
382,Zonnoz,/users/zonnoz,1579,81.4%,1787 ± 93
383,douadblock,/users/douadblock,1578,83.2%,1807 ± 66
384,DOUAD meow,/users/douadmeow,1578,82.0%,1790 ± 64
385,VraelValorum,/users/vraelvalorum,1578,70.4%,1665 ± 49
386,eteleks0-2,/users/eteleks02,1578,70.5%,1665 ± 29
387,Tanaka21,/users/tanaka21,1578,61.4%,1588 ± 34
388,El_Shiavo,/users/elshiavo,1578,74.2%,1699 ± 28
389,DOUAD fangame10,/users/douadfangame10,1578,82.7%,1799 ± 63
390,Kylecole,/users/kylecole,1578,80.4%,1769 ± 61
391,terabad,/users/terabad,1578,87.3%,1870 ± 70
392,justudoingtesting,/users/justudoingtesting,1578,78.0%,1739 ± 42
393,DLTIC Akaruyo,/users/dlticakaruyo,1578,85.3%,1835 ± 62
394,DLTIC SkewdaMan,/users/dlticskewdaman,1577,86.6%,1858 ± 67
395,DLTIC epinaoi,/users/dlticepinaoi,1577,86.2%,1850 ± 59
396,hiiamchoketime,/users/hiiamchoketime,1576,78.9%,1750 ± 53
397,nghien,/users/nghien,1576,61.9%,1591 ± 30
398,Chippytreatz,/users/chippytreatz,1576,70.5%,1665 ± 34
399,YoJne,/users/yojne,1576,66.3%,1627 ± 34
400,DLTIC tyo,/users/dltictyo,1575,86.7%,1859 ± 64
401,AzaleaPatch,/users/azaleapatch,1575,67.9%,1642 ± 45
402,Kodiak3b,/users/kodiak3b,1575,72.9%,1687 ± 34
403,DOUAD Mission,/users/douadmission,1575,82.6%,1798 ± 64
404,DOU admittance,/users/douadmittance,1575,82.6%,1797 ± 64
405,SmogonSetsAreTrash,/users/smogonsetsaretrash,1575,80.9%,1775 ± 63
406,Feyette,/users/feyette,1575,82.8%,1799 ± 61
407,Sword of Belief,/users/swordofbelief,1574,77.9%,1740 ± 52
408,GigaBytes7,/users/gigabytes7,1574,76.7%,1726 ± 48
409,Svanz,/users/svanz,1574,62.0%,1593 ± 34
410,homuraisbestgirl,/users/homuraisbestgirl,1574,60.7%,1582 ± 26
411,satouxie,/users/satouxie,1574,72.7%,1685 ± 44
412,jkl3330,/users/jkl3330,1574,69.1%,1652 ± 26
413,Mirzzza,/users/mirzzza,1574,88.8%,1897 ± 72
414,TrendyBear5,/users/trendybear5,1574,67.6%,1639 ± 41
415,DOUAD Bytes,/users/douadbytes,1574,83.6%,1812 ± 67
416,SCARCITY25,/users/scarcity25,1574,82.5%,1798 ± 67
417,MianyangJiejie,/users/mianyangjiejie,1573,76.4%,1724 ± 57
418,Serperiorestoptime,/users/serperiorestoptime,1573,78.9%,1751 ± 58
419,cuandomepasa,/users/cuandomepasa,1573,69.7%,1658 ± 42
420,Jewish Reuniclus,/users/jewishreuniclus,1573,72.9%,1689 ± 54
421,Steqhen,/users/steqhen,1573,68.3%,1644 ± 25
422,Meminger21,/users/meminger21,1572,89.7%,1918 ± 81
423,Kwaiidesu,/users/kwaiidesu,1572,78.8%,1748 ± 42
424,tatototz,/users/tatototz,1572,71.2%,1673 ± 57
425,dltic fbeagle,/users/dlticfbeagle,1572,87.6%,1874 ± 66
426,satorishi,/users/satorishi,1572,70.8%,1668 ± 37
427,waiba,/users/waiba,1572,77.3%,1732 ± 44
428,f1349015835,/users/f1349015835,1572,65.3%,1620 ± 33
429,crapominable,/users/crapominable,1571,67.2%,1636 ± 32
430,Ganymedes17,/users/ganymedes17,1571,78.1%,1742 ± 51
431,Rudith,/users/rudith,1571,70.3%,1665 ± 64
432,DOUAD Ain,/users/douadain,1571,84.2%,1821 ± 69
433,BigWannyWason,/users/bigwannywason,1571,78.1%,1743 ± 64
434,PerrinBaggins,/users/perrinbaggins,1571,76.7%,1727 ± 54
435,wijk,/users/wijk,1570,65.3%,1619 ± 33
436,fdsfffff,/users/fdsfffff,1570,85.1%,1834 ± 72
437,How Dismal,/users/howdismal,1570,64.4%,1612 ± 45
438,Pipolunghissimo69,/users/pipolunghissimo69,1570,68.3%,1645 ± 30
439,testhuphat4,/users/testhuphat4,1569,85.4%,1838 ± 67
440,sammy0642,/users/sammy0642,1569,63.5%,1604 ± 26
441,Alloha,/users/alloha,1569,79.9%,1760 ± 34
442,change40,/users/change40,1569,71.5%,1674 ± 46
443,dlticblast,/users/dlticblast,1569,87.8%,1879 ± 69
444,yescaman,/users/yescaman,1569,63.9%,1608 ± 45
445,DOUAD ESM,/users/douadesm,1568,82.5%,1796 ± 64
446,ShampoingDoux,/users/shampoingdoux,1568,66.3%,1628 ± 25
447,robottime1,/users/robottime1,1568,75.2%,1712 ± 61
448,sundays,/users/sundays,1568,78.1%,1742 ± 58
449,Aassdf,/users/aassdf,1568,83.5%,1813 ± 81
450,svincolo,/users/svincolo,1568,69.1%,1653 ± 45
451,LuBiStar20,/users/lubistar20,1568,75.0%,1708 ± 38
452,DLTIC Actuarily,/users/dlticactuarily,1568,85.7%,1843 ± 65
453,Mmirza,/users/mmirza,1568,86.6%,1856 ± 62
454,DOU ADO,/users/douado,1568,82.8%,1801 ± 65
455,sweethoneyb,/users/sweethoneyb,1568,72.2%,1680 ± 29
456,CrazyJok3r,/users/crazyjok3r,1568,66.7%,1632 ± 54
457,DOUAD Pear,/users/douadpear,1567,81.2%,1780 ± 62
458,douadz,/users/douadz,1567,83.2%,1806 ± 66
459,Testaccxd123,/users/testaccxd123,1567,69.1%,1652 ± 39
460,Kalo.munro,/users/kalomunro,1567,66.4%,1628 ± 28
461,DOUAD Nameless,/users/douadnameless,1567,82.4%,1795 ± 62
462,Inioen,/users/inioen,1567,91.4%,1956 ± 79
463,shwika,/users/shwika,1567,69.1%,1652 ± 38
464,furretdayo,/users/furretdayo,1567,86.1%,1850 ± 71
465,DLTIC Kunal,/users/dltickunal,1567,87.4%,1870 ± 68
466,Actual Life,/users/actuallife,1567,87.1%,1866 ± 68
467,DOUAD bobo,/users/douadbobo,1566,77.0%,1730 ± 54
468,buddhist ameba,/users/buddhistameba,1566,74.6%,1705 ± 59
469,badaaabum,/users/badaaabum,1565,69.4%,1654 ± 30
470,douad bean,/users/douadbean,1565,82.6%,1798 ± 65
471,DOUAD Kunal,/users/douadkunal,1565,83.1%,1805 ± 67
472,Chanseydance,/users/chanseydance,1565,79.9%,1768 ± 87
473,DOUADdict,/users/douaddict,1565,80.9%,1776 ± 63
474,lordnoob1300,/users/lordnoob1300,1565,71.6%,1675 ± 36
475,Fuecoco,/users/fuecoco,1565,81.9%,1787 ± 56
476,toons0431,/users/toons0431,1565,67.5%,1638 ± 34
477,mrpotatosheep,/users/mrpotatosheep,1564,70.6%,1665 ± 29
478,testmansam,/users/testmansam,1564,82.3%,1794 ± 60
479,DragonCatcherMike,/users/dragoncatchermike,1563,78.6%,1747 ± 50
480,Hassuheimer,/users/hassuheimer,1563,68.9%,1651 ± 38
481,toastrgophr,/users/toastrgophr,1563,70.1%,1661 ± 47
482,Igorbacana,/users/igorbacana,1563,73.1%,1689 ± 36
483,TDZ.sf,/users/tdzsf,1563,67.4%,1637 ± 25
484,rookie dragon,/users/rookiedragon,1563,59.4%,1572 ± 35
485,whoopdiedoo,/users/whoopdiedoo,1563,76.2%,1721 ± 52
486,Kiramager,/users/kiramager,1563,75.3%,1714 ± 69
487,flytecrofte89,/users/flytecrofte89,1563,80.3%,1768 ± 62
488,Tulio&Miguel,/users/tuliomiguel,1562,69.9%,1660 ± 47
489,gambit angle,/users/gambitangle,1562,78.3%,1745 ± 58
490,TundraRage96,/users/tundrarage96,1562,74.5%,1704 ± 60
491,114514jfz,/users/114514jfz,1562,63.2%,1603 ± 44
492,frankocean$7,/users/frankocean7,1562,78.7%,1749 ± 57
493,sariel4ever,/users/sariel4ever,1562,74.2%,1699 ± 26
494,Bladeezzzz,/users/bladeezzzz,1562,73.3%,1692 ± 55
495,MixyTheCoffe,/users/mixythecoffe,1562,66.4%,1630 ± 61
496,Ruangnel,/users/ruangnel,1562,67.9%,1641 ± 30
497,zhangzhi,/users/zhangzhi,1561,74.0%,1698 ± 40
498,tnealonprac,/users/tnealonprac,1561,71.8%,1681 ± 83
499,Chickengod5,/users/chickengod5,1561,70.3%,1663 ± 40
500,DouFl Suckyy,/users/douflsuckyy,1561,79.9%,1764 ± 64
